Temperature,Max Tokens,Presence Penalty,Frequency Penalty,Description
0.0,50,0.0,0.0,"Introducing the revolutionary XYZ Smart Home Security Camera System, the ultimate solution to keep your home safe and secure. This state-of-the-art system combines cutting-edge technology with user-friendly features to provide you with peace of mind like never before.

Key Features:
"
0.0,50,0.0,0.5,"Introducing the revolutionary XYZ Smart Home Security Camera System, your ultimate solution for peace of mind and protection. This cutting-edge system combines advanced technology with user-friendly features to keep your home safe and secure.

Key Features:
1. Crystal Clear HD Video:"
0.0,50,0.0,1.0,"Introducing the revolutionary XYZ Smart Home Security Camera System, your ultimate solution for round-the-clock surveillance and peace of mind. This cutting-edge system combines advanced technology with user-friendly features to provide unparalleled security for your home or business.

Key Features:
1."
0.0,50,0.5,0.0,"Introducing the revolutionary XYZ Smart Home Security Camera System, your ultimate solution for peace of mind and protection. This cutting-edge system combines advanced technology with user-friendly features to keep your home safe and secure.

Key Features:
1. Crystal Clear HD Video:"
0.0,50,0.5,0.5,"Introducing the revolutionary XYZ Smart Home Security Camera System, your ultimate solution for peace of mind and protection. This cutting-edge system combines advanced technology with user-friendly features to keep your home safe and secure.

Key Features:
1. Crystal Clear HD Video:"
0.0,50,0.5,1.0,"Introducing the revolutionary XYZ Smart Home Security Camera System, your ultimate solution for peace of mind and protection. This cutting-edge system combines advanced technology with user-friendly features to keep your home safe and secure.

Key Features:
1. Crystal Clear HD Video:"
0.0,50,1.0,0.0,"Introducing the revolutionary XYZ Smart Home Security Camera System, your ultimate solution for peace of mind and protection. This cutting-edge system combines advanced technology with user-friendly features to keep your home safe and secure.

Key Features:
1. Crystal Clear HD Video:"
0.0,50,1.0,0.5,"Introducing the revolutionary XYZ Smart Home Security Camera System, your ultimate solution for round-the-clock surveillance and peace of mind. This cutting-edge system combines advanced technology with user-friendly features to provide unparalleled security for your home or business.

Key Features:
1."
0.0,50,1.0,1.0,"Introducing the revolutionary XYZ Smart Home Security Camera System, your ultimate solution for round-the-clock surveillance and peace of mind. This cutting-edge system combines advanced technology with user-friendly features to provide unparalleled security for your home or business.

Key Features:
1."
0.0,150,0.0,0.0,"Introducing the revolutionary XYZ Smart Home Security Camera System, the ultimate solution to keep your home safe and secure. This state-of-the-art system combines cutting-edge technology with user-friendly features to provide you with peace of mind and protection around the clock.

Key Features:
1. Crystal Clear HD Video: The XYZ Security Camera captures high-definition video footage with crisp clarity, allowing you to monitor your home with precision.
2. Two-Way Audio: Communicate with visitors or potential intruders through the built-in microphone and speaker, providing an added layer of security.
3. Motion Detection Alerts: Receive instant notifications on your smartphone when motion is detected, ensuring you are always aware of any activity in and around your home.
4. Night Vision: Equipped"
0.0,150,0.0,0.5,"Introducing the revolutionary XYZ Smart Home Security Camera System, the ultimate solution to keep your home safe and secure. This cutting-edge system combines advanced technology with user-friendly features to provide you with peace of mind like never before.

Key Features:
1. Crystal Clear HD Video: The XYZ Security Camera captures high-definition video footage, ensuring that you can see every detail with clarity.
2. 360-Degree Pan and Tilt: With the ability to rotate 360 degrees horizontally and tilt vertically, you can monitor every corner of your home effortlessly.
3. Motion Detection Alerts: Receive instant notifications on your smartphone when motion is detected, allowing you to take immediate action if needed.
4. Two-Way Audio: Communicate with visitors or intruders through"
0.0,150,0.0,1.0,"Introducing the revolutionary XYZ Smart Home Security Camera System, your ultimate solution for peace of mind and protection. This cutting-edge system combines advanced technology with user-friendly features to keep your home safe and secure.

Key Features:
1. Crystal Clear HD Video: Enjoy crisp 1080p high-definition video quality that captures every detail, ensuring you never miss a thing.
2. Motion Detection Alerts: Receive instant notifications on your smartphone when motion is detected, allowing you to monitor any suspicious activity in real-time.
3. Two-Way Audio: Communicate with visitors or intruders through the built-in microphone and speaker, providing an added layer of security.
4. Night Vision: Equipped with infrared LEDs, this camera delivers clear footage even in low-light"
0.0,150,0.5,0.0,"Introducing the revolutionary XYZ Smart Home Security Camera System, your ultimate solution for round-the-clock surveillance and peace of mind. This cutting-edge system combines advanced technology with user-friendly features to provide unparalleled security for your home or business.

Key Features:
1. Crystal Clear 1080p HD Video: Enjoy crisp and clear video footage day or night with high-definition resolution and infrared night vision capabilities.
2. Motion Detection Alerts: Receive instant notifications on your smartphone whenever motion is detected, allowing you to monitor your property in real-time.
3. Two-Way Audio: Communicate with visitors or intruders through the built-in microphone and speaker, adding an extra layer of security.
4. Remote Access: Easily view live or recorded footage from anywhere in the"
0.0,150,0.5,0.5,"Introducing the revolutionary XYZ Smart Home Security Camera System, your ultimate solution for round-the-clock surveillance and peace of mind. This cutting-edge system combines advanced technology with user-friendly features to provide unparalleled security for your home or business.

Key Features:
1. Crystal Clear HD Video: The XYZ Security Camera captures high-definition video footage with crisp detail, ensuring you never miss a moment.
2. 360-Degree Pan and Tilt: Enjoy complete control over the camera's viewing angle with its 360-degree pan and tilt functionality, allowing you to monitor every corner of your property.
3. Motion Detection Alerts: Receive instant notifications on your smartphone when motion is detected, keeping you informed of any suspicious activity in real-time.
4. Two-Way Audio:"
0.0,150,0.5,1.0,"Introducing the revolutionary XYZ Smart Home Security Camera System, your ultimate solution for round-the-clock surveillance and peace of mind. This cutting-edge system combines advanced technology with user-friendly features to provide you with unparalleled security for your home or business.

Key Features:
1. Crystal Clear HD Video: The XYZ Security Camera captures high-definition video footage in stunning clarity, ensuring that every detail is captured with precision.
2. Night Vision: Equipped with infrared night vision technology, this camera provides clear images even in low-light conditions, allowing you to monitor your property 24/7.
3. Motion Detection: The built-in motion sensor detects any movement within its range and sends instant alerts to your smartphone, keeping you informed of any suspicious activity.
4. Two-W"
0.0,150,1.0,0.0,"Introducing the revolutionary XYZ Smart Home Security Camera System, your ultimate solution for peace of mind and home protection. This cutting-edge system combines advanced technology with user-friendly features to keep your home safe and secure 24/7.

Key Features:
1. Crystal Clear HD Video: The XYZ Security Camera captures high-definition video footage with crisp clarity, allowing you to monitor your home in real-time from anywhere using the mobile app.
2. Motion Detection Alerts: Receive instant notifications on your smartphone when motion is detected, ensuring you are always aware of any activity around your property.
3. Two-Way Audio: Communicate with visitors or intruders through the built-in microphone and speaker, providing an added layer of security and convenience.
4. Night Vision:"
0.0,150,1.0,0.5,"Introducing the revolutionary XYZ Smart Home Security Camera System, your ultimate solution for peace of mind and home protection. This cutting-edge system combines advanced technology with user-friendly features to keep your home safe and secure 24/7.

Key Features:
1. Crystal Clear HD Video: Enjoy crisp and clear 1080p high-definition video quality that captures every detail, ensuring you never miss a thing.
2. Motion Detection Alerts: Receive instant notifications on your smartphone when motion is detected, allowing you to monitor any suspicious activity in real-time.
3. Two-Way Audio: Communicate with visitors or intruders through the built-in microphone and speaker, providing an added layer of security.
4. Night Vision: Equipped with infrared LEDs, this camera"
0.0,150,1.0,1.0,"Introducing the revolutionary XYZ Smart Home Security Camera System, your ultimate solution for round-the-clock surveillance and peace of mind. This cutting-edge system combines advanced technology with user-friendly features to provide unparalleled security for your home or business.

Key Features:
1. Crystal Clear HD Video: The XYZ Security Camera captures high-definition video footage with crisp detail, ensuring you never miss a moment.
2. 360-Degree Pan and Tilt: Enjoy complete control over the camera's viewing angle with its 360-degree pan and tilt functionality, allowing you to monitor every corner of your property.
3. Motion Detection Alerts: Receive instant notifications on your smartphone when motion is detected, keeping you informed of any suspicious activity in real-time.
4. Two-Way Audio Communication"
0.0,300,0.0,0.0,"Introducing the revolutionary XYZ Smart Home Security Camera System, the ultimate solution to keep your home safe and secure. This state-of-the-art system combines cutting-edge technology with user-friendly features to provide you with peace of mind and protection around the clock.

Key Features:
1. Crystal Clear HD Video: The XYZ Security Camera captures high-definition video footage with crisp clarity, allowing you to monitor your home with precision.
2. Motion Detection: Equipped with advanced motion detection technology, the camera instantly alerts you on your smartphone when any movement is detected, ensuring you never miss a thing.
3. Two-Way Audio: Communicate with visitors or intruders through the built-in microphone and speaker, providing an added layer of security and convenience.
4. Night Vision: With infrared night vision capabilities, the camera delivers clear footage even in low-light conditions, ensuring round-the-clock surveillance.
5. Remote Access: Easily monitor your home from anywhere in the world using the intuitive mobile app, giving you complete control at your fingertips.
6. Easy Installation: The plug-and-play setup makes installation a breeze, allowing you to start using the system within minutes without any technical expertise required.

Benefits:
- Peace of Mind: With real-time alerts and continuous monitoring, you can rest easy knowing that your home is protected at all times.
- Deterrent to Intruders: The presence of a visible security camera acts as a powerful deterrent to potential intruders, keeping your home safe from unwanted visitors.
- Stay Connected"
0.0,300,0.0,0.5,"Introducing the revolutionary XYZ Smart Home Security Camera System, your ultimate solution for peace of mind and home protection. This cutting-edge system combines advanced technology with user-friendly features to keep your home safe and secure 24/7.

Key Features:
1. Crystal Clear HD Video: The XYZ Security Camera captures high-definition video footage with crisp clarity, allowing you to monitor your home in real-time from anywhere using the mobile app.
2. Motion Detection Alerts: Receive instant notifications on your smartphone when motion is detected, ensuring you are always aware of any activity around your property.
3. Two-Way Audio: Communicate with visitors or intruders through the built-in microphone and speaker, providing an added layer of security and convenience.
4. Night Vision: Equipped with infrared night vision technology, this camera ensures clear visibility even in low-light conditions, keeping your home protected around the clock.
5. Easy Installation: Set up the camera system effortlessly with the included mounting hardware and step-by-step instructions, no professional installation required.

Benefits:
1. Peace of Mind: With remote access to live video feeds, you can check on your home anytime, anywhere, giving you peace of mind knowing that your property is secure.
2. Deterrent to Intruders: The presence of visible security cameras acts as a powerful deterrent to potential intruders, reducing the risk of break-ins and theft.
3. Stay Connected: Whether you're at work or on vacation, stay connected to your home and loved ones"
0.0,300,0.0,1.0,"Introducing the revolutionary XYZ Smart Home Security Camera System, your ultimate solution for peace of mind and protection. This cutting-edge system combines advanced technology with user-friendly features to keep your home safe and secure.

Key Features:
1. Crystal Clear HD Video: Enjoy crisp 1080p high-definition video quality that captures every detail, ensuring you never miss a thing.
2. Motion Detection Alerts: Receive instant notifications on your smartphone when motion is detected, allowing you to monitor any suspicious activity in real-time.
3. Two-Way Audio: Communicate with visitors or intruders through the built-in microphone and speaker, providing an added layer of security.
4. Night Vision: Equipped with infrared LEDs, this camera delivers clear footage even in low-light conditions or complete darkness.
5. Remote Access: Control and view live footage from anywhere using the mobile app, giving you peace of mind no matter where you are.

Benefits:
1. Enhanced Security: Monitor your home 24/7 and deter potential intruders with visible surveillance cameras.
2. Peace of Mind: Stay connected to your home at all times and receive alerts for any unusual activity while you're away.
3. Easy Installation: Set up the system quickly without any complicated wiring or professional installation required.
4. Cost-Effective Solution: Save on costly monthly monitoring fees by having full control over your security system.
5. Versatile Use: Ideal for homes, offices, vacation properties, or anywhere else that requires reliable security monitoring.

Upgrade"
0.0,300,0.5,0.0,"Introducing the revolutionary XYZ Smart Home Security Camera System, your ultimate solution for peace of mind and home protection. This cutting-edge system combines advanced technology with user-friendly features to keep your home safe and secure 24/7.

Key Features:
1. Crystal Clear HD Video: Enjoy crisp and clear 1080p HD video quality, ensuring you never miss a detail.
2. Motion Detection Alerts: Receive instant notifications on your smartphone when motion is detected, allowing you to monitor your home in real-time.
3. Two-Way Audio: Communicate with visitors or intruders through the built-in microphone and speaker, providing an added layer of security.
4. Night Vision: Equipped with infrared LEDs, this camera provides clear footage even in low-light conditions, ensuring round-the-clock surveillance.
5. Easy Installation: Set up your camera system in minutes with the included mounting hardware and step-by-step instructions.
6. Remote Access: Monitor your home from anywhere in the world using the free mobile app, giving you peace of mind no matter where you are.

Benefits:
- Protect Your Home: Deter potential intruders and keep your loved ones safe with reliable home surveillance.
- Stay Connected: Whether you're at work or on vacation, stay connected to your home and loved ones with remote access.
- Peace of Mind: Rest easy knowing that your home is protected with advanced security features and real-time alerts.
- Easy to Use: With a user-friendly interface and simple setup process, this camera"
0.0,300,0.5,0.5,"Introducing the revolutionary XYZ Smart Home Security Camera System, your ultimate solution for round-the-clock surveillance and peace of mind. This cutting-edge system combines advanced technology with user-friendly features to provide unparalleled security for your home or business.

Key Features:
1. Crystal Clear HD Video: The XYZ Security Camera captures high-definition video footage with crisp detail, ensuring you never miss a moment.
2. 360-Degree Pan and Tilt: Enjoy complete control over the camera's viewing angle with its 360-degree pan and tilt functionality, allowing you to monitor every corner of your property.
3. Motion Detection Alerts: Receive instant notifications on your smartphone when motion is detected, keeping you informed of any suspicious activity in real-time.
4. Two-Way Audio: Communicate with visitors or intruders through the built-in microphone and speaker, adding an extra layer of security to your property.
5. Night Vision: Equipped with infrared LEDs, this camera provides clear visibility even in low-light conditions, ensuring round-the-clock surveillance.

Benefits:
1. Enhanced Security: With the XYZ Security Camera System, you can deter potential intruders and keep your property safe at all times.
2. Remote Monitoring: Access live video feeds from anywhere using the mobile app, allowing you to check in on your home or business whenever you want.
3. Easy Installation: Set up the camera system in minutes with simple DIY installation, no professional assistance required.
4. Cost-Effective Solution: Say goodbye to expensive monthly monitoring fees"
0.0,300,0.5,1.0,"Introducing the revolutionary XYZ Smart Home Security Camera System, your ultimate solution for peace of mind and home protection. This cutting-edge system combines advanced technology with user-friendly features to keep your home safe and secure 24/7.

Key Features:
1. Crystal Clear HD Video: Enjoy crisp, high-definition video quality that captures every detail, day or night.
2. Motion Detection Alerts: Receive instant notifications on your smartphone when motion is detected in your home.
3. Two-Way Audio: Communicate with visitors or intruders through the built-in microphone and speaker.
4. Remote Access: Monitor your home from anywhere in the world using the mobile app.
5. Easy Installation: Set up the camera system in minutes with simple DIY installation.

Benefits:
- Peace of Mind: Keep an eye on your home and loved ones at all times, even when you're away.
- Deterrent to Intruders: The presence of visible security cameras can deter potential burglars from targeting your property.
- Stay Connected: With two-way audio, you can check in on pets, kids, or elderly family members while you're not at home.
- Evidence Collection: In case of any incidents, recorded footage can be used as evidence for authorities.

Invest in the XYZ Smart Home Security Camera System today and experience a new level of security and convenience for your household. Protect what matters most with this reliable and innovative surveillance solution!"
0.0,300,1.0,0.0,"Introducing the revolutionary XYZ Smart Home Security Camera System, your ultimate solution for peace of mind and home protection. This cutting-edge system combines advanced technology with user-friendly features to keep your home safe and secure 24/7.

Key Features:
1. Crystal Clear HD Video: Enjoy crisp and clear 1080p high-definition video quality, allowing you to monitor your home with precision.
2. Motion Detection Alerts: Receive instant notifications on your smartphone when motion is detected, ensuring you are always aware of any activity in and around your home.
3. Two-Way Audio: Communicate with visitors or intruders through the built-in microphone and speaker, providing an added layer of security.
4. Night Vision: Equipped with infrared night vision technology, this camera ensures round-the-clock surveillance even in low-light conditions.
5. Remote Access: Monitor your home from anywhere in the world using the intuitive mobile app, giving you peace of mind no matter where you are.
6. Easy Installation: Set up your security camera system in minutes with simple DIY installation, no professional help required.

Benefits:
- Protect Your Loved Ones: Keep an eye on your family and pets while you're away, ensuring their safety at all times.
- Deter Intruders: The presence of a visible security camera acts as a powerful deterrent against potential burglars and trespassers.
- Stay Connected: Whether you're at work, on vacation, or simply in another room, stay connected to your home and loved ones with"
0.0,300,1.0,0.5,"Introducing the revolutionary XYZ Smart Home Security Camera System, your ultimate solution for round-the-clock surveillance and peace of mind. This cutting-edge system combines advanced technology with user-friendly features to provide you with unparalleled security for your home or business.

Key Features:
1. Crystal Clear HD Video: Enjoy crisp and clear 1080p high-definition video quality that captures every detail, ensuring you never miss a thing.
2. Motion Detection Alerts: Receive instant notifications on your smartphone when motion is detected, allowing you to monitor any suspicious activity in real-time.
3. Two-Way Audio: Communicate with visitors or intruders through the built-in microphone and speaker, providing an added layer of security.
4. Night Vision: Equipped with infrared LEDs, this camera delivers superior night vision up to 30 feet, ensuring visibility even in low-light conditions.
5. Remote Access: Easily view live footage from anywhere using the free mobile app, giving you the flexibility to check on your property at any time.

Benefits:
1. Enhanced Security: With 24/7 monitoring capabilities and motion detection alerts, you can rest assured knowing that your property is always protected.
2. Peace of Mind: Whether you're at work, on vacation, or simply away from home, stay connected and keep an eye on things with remote access functionality.
3. Easy Installation: Set up the camera system in minutes without the need for professional installation, making it a hassle-free solution for all users.
4. Cost-Effective Solution"
0.0,300,1.0,1.0,"Introducing the revolutionary XYZ Smart Home Security Camera System, your ultimate solution for peace of mind and home protection. This cutting-edge system combines advanced technology with user-friendly features to keep your home safe and secure 24/7.

Key Features:
1. Crystal Clear HD Video: Enjoy crisp, high-definition video quality that captures every detail, ensuring you never miss a thing.
2. Motion Detection Alerts: Receive instant notifications on your smartphone when motion is detected in or around your home.
3. Two-Way Audio: Communicate with visitors or intruders through the built-in microphone and speaker from anywhere in the world.
4. Night Vision: The infrared night vision feature provides clear footage even in low-light conditions, keeping your property protected day and night.
5. Easy Installation: Set up the camera system effortlessly with simple DIY installation instructions – no professional help required.

Benefits:
- Peace of Mind: Monitor your home remotely at any time from anywhere using the mobile app, giving you peace of mind knowing that your loved ones and belongings are safe.
- Deterrent to Intruders: The visible presence of security cameras acts as a powerful deterrent to potential intruders, reducing the risk of break-ins.
- Stay Connected: Whether you're at work or on vacation, stay connected to what matters most by checking live feeds or recorded footage on demand.
- Cost-effective Security Solution: Avoid costly monthly monitoring fees by investing in this one-time purchase security camera system that offers reliable protection for years to come"
0.7,50,0.0,0.0,"Introducing the newest addition to your skincare routine - the Glow Serum Infused with Vitamin C and Hyaluronic Acid. This serum is a powerhouse blend of potent ingredients designed to give your skin a radiant and rejuvenated look.

Key Features:
1"
0.7,50,0.0,0.5,"Introducing the ultimate smartwatch for the modern individual - the TechFit X500. 

Stay connected and organized with this sleek and stylish smartwatch that combines fashion with functionality. The TechFit X500 features a vibrant and sharp 1.3-inch"
0.7,50,0.0,1.0,"Introducing the latest innovation in home security - the Smart Security Camera System. This cutting-edge system is designed to provide you with peace of mind by keeping a watchful eye on your property at all times. 

Key Features:
1. High-definition cameras"
0.7,50,0.5,0.0,"Introducing the revolutionary XYZ Smart Home Security Camera System, the ultimate solution for protecting your home and loved ones. This advanced system is packed with cutting-edge features to provide you with peace of mind and security like never before.

Key Features:
1. Crystal"
0.7,50,0.5,0.5,"Introducing the revolutionary XYZ Smart Home Security Camera System, your ultimate solution for protecting your home and loved ones. This cutting-edge security system combines state-of-the-art technology with user-friendly features to provide you with peace of mind like never before.

Key Features"
0.7,50,0.5,1.0,"Introducing the all-new XYZ Smart Home Security Camera System. This cutting-edge security solution is designed to keep your home safe and secure around the clock. 

Key Features:
1. High-definition Video Quality: Enjoy crystal-clear 1080p video resolution"
0.7,50,1.0,0.0,"Introducing the revolutionary XYZ Smart Home Security Camera System, a cutting-edge solution to protect your home and loved ones. This state-of-the-art security camera system is designed to provide you with peace of mind by offering advanced surveillance features and seamless integration.

Key"
0.7,50,1.0,0.5,"Introducing the UltraGlide Pro Hair Straightener - the ultimate styling tool for sleek, smooth, and frizz-free hair! 

Key Features:
1. Advanced Ceramic Plates: The UltraGlide Pro features high-quality ceramic plates that heat up quickly"
0.7,50,1.0,1.0,"Introducing the revolutionary XYZ Smart Watch - a cutting-edge wearable technology that seamlessly integrates style, functionality, and convenience into one sleek device. Stay connected and organized on-the-go with this premium smartwatch that boasts an array of impressive features.

Key Features:
"
0.7,150,0.0,0.0,"Introducing the revolutionary XYZ Smart Watch - the perfect blend of style and functionality for the modern tech-savvy individual. This sleek and sophisticated smartwatch is designed to enhance your everyday life with its advanced features and cutting-edge technology.

Stay connected and organized on the go with the XYZ Smart Watch's seamless integration with your smartphone. Receive notifications for calls, texts, emails, and social media alerts right on your wrist, so you never miss a beat. The built-in fitness tracker helps you stay on top of your health and wellness goals by monitoring your steps, calories burned, heart rate, and sleep patterns.

Equipped with a vibrant touch screen display, the XYZ Smart Watch offers a user-friendly interface that allows you to easily navigate through its various functions."
0.7,150,0.0,0.5,"Introducing the revolutionary XYZ Smart Watch, a cutting-edge wearable technology that combines style with functionality. This sleek and modern smartwatch is designed to enhance your everyday life with its advanced features and benefits.

Key Features:
1. Health and Fitness Tracking: The XYZ Smart Watch offers real-time monitoring of your heart rate, sleep patterns, steps taken, calories burned, and more. Stay on top of your fitness goals with personalized activity tracking.

2. Multi-Sport Modes: Whether you're a runner, cyclist, swimmer, or gym enthusiast, this smartwatch has customizable sport modes to accurately track your workouts and performance.

3. Notifications and Connectivity: Stay connected on the go with notifications for calls, messages, emails, and social media alerts right on your"
0.7,150,0.0,1.0,"Introducing the innovative XYZ Smart Home Security Camera System, a cutting-edge solution to keep your home safe and secure. This state-of-the-art system comes with everything you need to monitor your property in real-time from anywhere in the world.

Key Features:
1. High Definition Video Quality: Enjoy crystal-clear 1080p HD video footage that captures every detail, ensuring sharp and clear images.
2. Motion Detection Alerts: Receive instant notifications on your smartphone when motion is detected, allowing you to stay informed of any activity around your home.
3. Two-Way Audio Communication: Communicate with visitors or intruders through the built-in microphone and speaker, providing an added layer of security.
4. Night Vision Capability: The infrared night vision feature allows"
0.7,150,0.5,0.0,"Introducing the all-new XYZ Smartwatch, the perfect blend of style and technology to keep you connected and organized on-the-go. This sleek and modern smartwatch is packed with features that will enhance your daily routine and help you stay on top of your health and fitness goals.

Key Features:
1. Stylish Design: The XYZ Smartwatch boasts a minimalist and elegant design that complements any outfit, whether you're at the gym or in the boardroom.
2. Touchscreen Display: Navigate through the watch's functions with ease on the vibrant and responsive touchscreen display.
3. Fitness Tracking: Keep track of your steps, distance, calories burned, and heart rate to help you achieve your fitness goals.
4. Sleep Monitoring: Monitor your sleep patterns"
0.7,150,0.5,0.5,"Introducing the revolutionary XYZ Wireless Bluetooth Earbuds - your perfect companion for immersive music listening and hands-free calling on the go. These sleek and stylish earbuds are designed to deliver crystal-clear sound quality and ultimate comfort, making them an essential accessory for your daily routine.

Key Features:
1. True Wireless Technology: Say goodbye to tangled wires with our advanced Bluetooth technology that provides a seamless connection to your device.
2. High-Quality Sound: Experience rich, high-fidelity audio with deep bass and crisp treble for an exceptional listening experience.
3. Comfortable Fit: The ergonomic design ensures a secure and comfortable fit, perfect for all-day wear without any discomfort.
4. Noise-Canceling Technology: Block out external noise and distractions for"
0.7,150,0.5,1.0,"Introducing the XYZ Smart Home Security Camera System - your ultimate solution for peace of mind and protection. This cutting-edge security camera system is designed to keep you connected to your home anytime, anywhere.

Key Features:
1. Crystal Clear HD Video: Enjoy crisp 1080p video quality that captures every detail with clarity.
2. 360-Degree Pan and Tilt: The camera can rotate 360 degrees horizontally and 90 degrees vertically, providing you with a complete view of your surroundings.
3. Motion Detection: Receive instant alerts on your smartphone when motion is detected in designated areas.
4. Two-Way Audio: Communicate with visitors or family members through the built-in microphone and speaker.
5. Night Vision: Equipped with infrared LEDs"
0.7,150,1.0,0.0,"Introducing the revolutionary XYZ Smart Home Security Camera System, designed to provide you with peace of mind and ultimate security for your home. This state-of-the-art system combines cutting-edge technology with sleek design to offer you a seamless and reliable surveillance solution.

Key Features:
1. Crystal Clear HD Video Quality: Enjoy crisp and clear 1080p high-definition video footage, ensuring that every detail is captured with great clarity.
2. Motion Detection Alerts: Receive instant notifications on your smartphone whenever motion is detected, allowing you to monitor any suspicious activity in real-time.
3. Two-Way Audio Communication: Communicate with visitors or intruders through the built-in microphone and speaker, enhancing your ability to interact with your surroundings.
4. Night Vision Capability:"
0.7,150,1.0,0.5,"Introducing the revolutionary XYZ Smartwatch - the perfect blend of style, functionality, and cutting-edge technology. Stay connected and in control with this sleek and sophisticated smartwatch that is designed to enhance your everyday life.

Key Features:
1. Stylish Design: The XYZ Smartwatch features a modern and stylish design that complements any outfit or occasion. With its customizable watch faces and interchangeable bands, you can easily switch up your look to suit your mood.

2. Touchscreen Display: Enjoy crystal-clear visuals on the vibrant touchscreen display that allows for easy navigation and interaction with your favorite apps and features.

3. Health Tracking: Take charge of your health and fitness goals with the built-in health tracking features, including heart rate monitoring, step counting, sleep tracking"
0.7,150,1.0,1.0,"Introducing the revolutionary XYZ Smart Home Security Camera System, designed to provide comprehensive surveillance and protection for your home or business. This state-of-the-art system combines cutting-edge technology with user-friendly features to ensure peace of mind and security like never before.

Key Features:
1. High Definition Video Quality: Capture crystal-clear 1080p HD video footage, allowing you to monitor every detail with precision.
2. Motion Detection Alerts: Receive instant notifications on your smartphone when motion is detected in the camera's field of view.
3. Two-Way Audio: Built-in microphone and speaker enable seamless communication between you and visitors or intruders.
4. Night Vision Capability: Equipped with infrared LED lights, this camera ensures round-the-clock monitoring even in low"
0.7,300,0.0,0.0,"Introducing the latest innovation in home security - the Smart Home Camera System. This cutting-edge system offers comprehensive protection for your home, ensuring peace of mind for you and your loved ones.

Key Features:
1. High-Quality Video Monitoring: The Smart Home Camera System provides crystal-clear 1080p HD video quality, allowing you to see every detail in real-time.
2. Motion Detection: Equipped with advanced motion detection technology, the system alerts you instantly when any movement is detected, keeping you informed of any potential threats.
3. Two-Way Audio: Stay connected with your home at all times with the two-way audio feature, enabling you to listen and speak to anyone in your home remotely.
4. Night Vision: With infrared night vision capabilities, the Smart Home Camera System ensures round-the-clock monitoring, even in low-light conditions.
5. Easy Installation: Setting up the system is hassle-free, with simple DIY installation that requires no professional assistance.

Benefits:
1. Enhanced Security: Monitor your home 24/7 and deter potential intruders with the Smart Home Camera System, providing you with added security and peace of mind.
2. Remote Access: Access live video feeds from anywhere using your smartphone or tablet, giving you the flexibility to check on your home even when you're away.
3. Customizable Alerts: Receive instant notifications on your mobile device when motion is detected, ensuring prompt action in case of any security breaches.
4. Family Safety: Keep an eye on your children"
0.7,300,0.0,0.5,"Introducing the revolutionary XYZ Smart Home Security Camera System, your ultimate solution for round-the-clock surveillance and peace of mind. This cutting-edge system combines advanced technology with user-friendly features to give you unparalleled security for your home or business.

Key Features:
1. Crystal Clear 1080p HD Video: Enjoy crisp and clear video footage, day or night, thanks to the high definition camera with infrared night vision.
2. Motion Detection Alerts: Receive instant notifications on your smartphone whenever motion is detected, allowing you to monitor any suspicious activity in real-time.
3. Two-Way Audio Communication: Communicate with visitors or intruders through the built-in microphone and speaker, providing an added layer of security.
4. Remote Access via Mobile App: Monitor live footage, playback recordings, and adjust settings from anywhere in the world using the intuitive mobile app.
5. Easy Installation: Set up your security camera system in minutes with the included mounting hardware and step-by-step instructions.

Benefits:
- Enhanced Security: Keep a watchful eye on your property at all times, deterring potential intruders and ensuring the safety of your loved ones.
- Peace of Mind: Rest easy knowing that you can check in on your home or business whenever you want, even when you're away.
- Cost-Effective Solution: Avoid costly monthly monitoring fees by having full control over your security system without any additional expenses.
- User-Friendly Interface: The intuitive mobile app makes it easy for anyone to set up and operate the"
0.7,300,0.0,1.0,"Introducing the revolutionary XYZ Electric Pressure Cooker, a game-changer in the kitchen that will transform the way you cook! This cutting-edge appliance is packed with features designed to make cooking easier, faster, and more delicious than ever before.

Key Features:
1. 10-in-1 Multi-cooker: The XYZ Electric Pressure Cooker is not just a pressure cooker; it’s also a slow cooker, rice cooker, steamer, sauté pan, yogurt maker, and more. With 10 different cooking functions in one appliance, you can whip up a variety of meals with ease.

2. Advanced Safety Features: Equipped with multiple safety mechanisms such as overheat protection and pressure control system to ensure safe operation during cooking. You can have peace of mind knowing that your food will be cooked safely every time.

3. Large Capacity: With an extra-large 6-quart capacity stainless steel inner pot, you can cook meals for the whole family or batch cook for meal prep without any hassle.

4. Easy-to-Use Control Panel: The intuitive digital control panel makes it easy to adjust settings and monitor cooking progress. Simply select your desired cooking function and let the pressure cooker do the rest!

5. Time-Saving Cooking: Thanks to its powerful heating element and high-pressure cooking technology, the XYZ Electric Pressure Cooker significantly reduces cooking time while locking in flavor and nutrients.

Benefits:
1. Healthy Meals in Minutes: Prepare nutritious meals quickly without sacrificing taste or quality. Enjoy tender meats"
0.7,300,0.5,0.0,"Introducing the latest innovation in home security - the Smart Home Camera System. This cutting-edge system offers advanced features to keep your home safe and secure at all times.

Key Features:
1. High Definition Video Quality: The Smart Home Camera System provides crystal clear 1080p HD video quality, ensuring you never miss a single detail.
2. Motion Detection Alerts: Receive instant notifications on your smartphone whenever motion is detected in your home, allowing you to take immediate action.
3. Two-Way Audio: The built-in microphone and speaker allow you to communicate with anyone in your home remotely, making it ideal for checking in on pets or loved ones.
4. Night Vision: Equipped with infrared night vision, this camera system ensures round-the-clock surveillance even in low-light conditions.
5. Remote Access: Control and monitor your home security system from anywhere in the world using the dedicated mobile app.
6. Easy Installation: With simple DIY installation, you can set up the Smart Home Camera System in minutes without the need for professional assistance.

Benefits:
- Peace of Mind: Rest easy knowing that your home is protected with 24/7 surveillance and motion detection alerts.
- Real-Time Monitoring: Stay connected to your home at all times with live streaming and remote access capabilities.
- Deterrence: The presence of visible security cameras can act as a deterrent to potential intruders, keeping your home safe.
- Communication: Use the two-way audio feature to interact with family members, pets, or visitors"
0.7,300,0.5,0.5,"Introducing the all-new ABC Fitness Tracker - your ultimate companion in achieving your health and fitness goals! Packed with cutting-edge technology and sleek design, this fitness tracker is a must-have for anyone looking to lead a healthier lifestyle.

Key Features:
1. Advanced Fitness Tracking: Monitor your daily steps, distance traveled, calories burned, and active minutes with precision accuracy.
2. Heart Rate Monitoring: Stay on top of your heart health with continuous heart rate monitoring throughout the day.
3. Sleep Tracking: Gain insights into your sleep patterns and quality to help improve your overall well-being.
4. Multi-Sport Modes: Track various activities such as running, cycling, yoga, and more with specialized modes for accurate data collection.
5. Waterproof Design: Sweat-proof and water-resistant, this fitness tracker can withstand even the toughest workouts and outdoor adventures.
6. Smartphone Connectivity: Sync your tracker with the free app to receive notifications, set goals, and track your progress on-the-go.

Benefits:
- Stay Motivated: Set personalized goals and track your progress in real-time to stay motivated towards achieving a healthier lifestyle.
- Improve Performance: Analyze detailed activity data to optimize your workouts and improve performance over time.
- Enhance Sleep Quality: Understand your sleep patterns and make adjustments to get better rest for improved energy levels during the day.
- Stay Connected: Receive call, text, and social media notifications directly on your wrist so you never miss an important update.
- Long Battery Life: Enjoy extended usage with a"
0.7,300,0.5,1.0,"Introducing the revolutionary XYZ Smart Thermostat - the ultimate solution for optimizing your home's comfort and energy efficiency. This cutting-edge thermostat combines advanced technology with user-friendly design to provide you with a seamless and effortless way to control your home's heating and cooling systems.

Key Features:

1. Smart Home Integration: The XYZ Smart Thermostat is compatible with popular smart home platforms like Alexa, Google Assistant, and Apple HomeKit, allowing you to control your thermostat using voice commands or through an app on your smartphone.

2. Energy Saving Mode: With built-in sensors that track occupancy and adjust temperature settings accordingly, this thermostat helps you reduce energy consumption and lower utility bills without sacrificing comfort.

3. Customizable Scheduling: Create personalized schedules based on your daily routine to ensure optimal comfort when you're at home while saving energy when you're away.

4. Remote Access: Monitor and adjust your home's temperature settings from anywhere using the intuitive mobile app, so you can always come back to a comfortable environment no matter where you are.

5. Easy Installation: The XYZ Smart Thermostat is designed for easy DIY installation, making it a hassle-free upgrade for any homeowner looking to enhance their living space.

Benefits:

1. Comfort & Convenience: Enjoy precise temperature control throughout your home, ensuring maximum comfort year-round with minimal effort required on your part.

2. Energy Efficiency: Reduce wasted energy by only heating or cooling your home when needed, resulting in lower utility bills and a more sustainable lifestyle.

3. Cost Savings:"
0.7,300,1.0,0.0,"Introducing the revolutionary XYZ Smart Home Security Camera System - your ultimate solution for round-the-clock surveillance and peace of mind. This state-of-the-art security system combines cutting-edge technology with user-friendly features to ensure the safety of your home or business.

Key Features:
1. Crystal Clear Video Quality: The XYZ Security Camera captures high-definition video footage in 1080p resolution, providing crisp and clear images both day and night.
2. Motion Detection Alerts: Receive instant notifications on your smartphone whenever motion is detected within the camera's range, allowing you to monitor any suspicious activity in real-time.
3. Two-Way Audio: With built-in microphone and speaker, you can communicate with visitors or intruders through the camera using the mobile app, enhancing security and convenience.
4. Remote Access: Access live video streams from anywhere in the world via the user-friendly mobile app, ensuring that you can keep an eye on your property at all times.
5. Easy Installation: The plug-and-play setup makes installation a breeze, with no complicated wiring or technical expertise required. Simply connect the camera to your Wi-Fi network and start monitoring right away.
6. Night Vision: Equipped with infrared LEDs, the camera provides clear visibility even in low-light conditions, ensuring round-the-clock surveillance.

Benefits:
- Peace of Mind: With the XYZ Security Camera System, you can rest assured knowing that your property is under constant surveillance, deterring potential intruders and keeping your loved ones safe.
- Convenient Monitoring:"
0.7,300,1.0,0.5,"Introducing the all-new Smart Home Security Camera System, designed to give you peace of mind and keep your home safe and secure at all times. This state-of-the-art system includes four high-definition cameras that provide crystal-clear video footage both day and night.

Key Features:
1. High Definition Video: Capture every detail with 1080p HD resolution for sharp and clear images.
2. Night Vision: Equipped with infrared technology, the cameras can see up to 30 feet in total darkness.
3. Motion Detection: Receive instant alerts on your phone when motion is detected in your home.
4. Two-Way Audio: Communicate with visitors or intruders through the built-in microphone and speaker.
5. Remote Access: View live or recorded footage from anywhere using the mobile app or web browser.

Benefits:
- Peace of Mind: Keep an eye on your home, family, and pets while you're away.
- Deterrent to Intruders: The presence of security cameras can deter potential burglars from targeting your property.
- Easy Installation: Set up the camera system in minutes with simple DIY instructions.
- Expandable System: Add more cameras as needed to cover larger areas of your property.
- Cloud Storage Option: Securely store your footage in the cloud for easy access and backup.

Don't compromise on the safety of your home – invest in the Smart Home Security Camera System today and enjoy round-the-clock protection for you and your loved ones."
0.7,300,1.0,1.0,"Introducing the revolutionary XYZ Smartwatch - the ultimate combination of style, functionality, and innovation. This sleek and modern smartwatch is designed to enhance your everyday life with its advanced features.

Key Features:
1. Health Monitoring: Keep track of your health with real-time heart rate monitoring, sleep analysis, step counter, and calorie tracker. Stay on top of your fitness goals effortlessly.
2. Notifications: Receive notifications for calls, texts, emails, and social media alerts directly on your wrist. Never miss an important message again.
3. Customizable Watch Faces: Choose from a variety of stylish watch faces to suit your mood or outfit every day.
4. Waterproof Design: With an IP68 waterproof rating, this smartwatch can handle splashes and brief immersion in water so you can wear it anywhere without worry.
5. Long-lasting Battery Life: Enjoy up to 7 days of battery life on a single charge for uninterrupted use throughout the week.

Benefits:
- Stay Connected Anywhere: With built-in Bluetooth connectivity, you can easily pair the XYZ Smartwatch with your smartphone for seamless communication on-the-go.
- Enhance Your Workouts: Use the built-in sports modes to track different types of exercises such as running, cycling, yoga, and more to optimize your workouts.
- Improve Your Sleep Quality: Utilize sleep tracking data to understand your sleeping patterns better and make adjustments for improved restful nights.
- Personalized Experience: Customize settings according to your preferences using the intuitive touchscreen display for a personalized"
1.2,50,0.0,0.0,"Introducing the latest model of our top-of-the-line robotic vacuum cleaner, the SmartClean Pro 2000. This cutting-edge cleaning solution combines innovative technology with sleek design to make your cleaning tasks a breeze.

Key Features:

1. Powerful Suction"
1.2,50,0.0,0.5,"Introducing the Ultimate Chef's Knife Set, a must-have addition to any kitchen for home cooks and professional chefs alike. This premium set includes a chef's knife, a utility knife, a paring knife, and a serrated bread knife – all"
1.2,50,0.0,1.0,"Introducing the revolutionary Vortex Ultra-quiet Hair Dryer, the perfect solution for achieving salon-quality results from the comfort of your own home. Say goodbye to noisy hair dryers that disrupt your peace and quiet - with advanced noise reduction technology, this"
1.2,50,0.5,0.0,"Introducing the XYZ Smartwatch, a cutting-edge wearable technology that seamlessly integrates fashion and functionality. Stay connected and organized on the go with this sleek and stylish smartwatch that's packed with features to enhance your lifestyle.

Stay on top of your health and"
1.2,50,0.5,0.5,"Introducing the latest in portable technology - the XYZ Mini Portable Bluetooth Speaker! Say goodbye to bulky speakers and hello to sleek, compact design without sacrificing sound quality. 

Key Features: 
1. Bluetooth Connectivity: Connect effortlessly with your smartphone, tablet,"
1.2,50,0.5,1.0,"Introducing the revolutionary XYZ Super Blender, a must-have kitchen appliance for all cooking enthusiasts! This powerful blender is your ultimate ally in preparing delicious smoothies, shakes, soups, sauces, and much more with ease and efficiency.

Key Features:
1"
1.2,50,1.0,0.0,"Introducing the ProVita Air Purifier - Your Solution to Cleaner and Fresher Indoor Air!

Unleash the power of advanced air purification technology with the ProVita Air Purifier. Designed to create a healthier living environment, this sleek and"
1.2,50,1.0,0.5,"Introducing the all-new TechMate True Wireless Earbuds - your perfect companion for limitless wireless listening experiences. These sleek and stylish earbuds redefine convenience, comfort, and superior sound quality. 

Key Features:
1. True Wireless Freedom: Say"
1.2,50,1.0,1.0,"Introducing the latest innovation in smart home technology - the Acme Smart Thermostat. This cutting-edge device is designed to revolutionize the way you experience comfort and convenience in your own home.

Key Features:

- Easy Installation: The Acme Smart Ther"
1.2,150,0.0,0.0,"Introducing the cutting-edge UltraGlow LED Light Therapy Mask - your key to radiant skin and a youthful glow! This innovative device combines the power of advanced LED light therapy technology with the convenience of at-home skincare treatments.

Key Features:
1. Multi-Mode LED Technology: The UltraGlow mask features 3 different LED light modes - red, blue, and green - each offering specific benefits for your skin. Red light stimulates collagen production, reducing wrinkles and fine lines. Blue light targets acne-causing bacteria, reducing breakouts. Green light helps to even out skin tone and reduce redness.

2. Adjustable Intensity Levels: Customizable intensity settings allow you to tailor your treatment to suit your skin's needs. Whether you're looking to address"
1.2,150,0.0,0.5,"Introducing the all-new XYZ Smart Home Security Camera System, the ultimate solution to keep your home and loved ones safe and secure. This state-of-the-art security system has a plethora of cutting-edge features that set it apart from the competition.

Key Features:
1. Crystal Clear HD Video: Experience crisp and clear 1080p high-definition video quality day or night with the built-in night vision.
2. Motion Detection Alerts: Receive instant notifications on your smartphone whenever any motion is detected in your home, allowing you to stay on top of any suspicious activity.
3. Two-Way Audio: Communicate with visitors or deter intruders using the two-way audio feature directly from your smartphone.
4. Easy Installation: Setup is a breeze with the"
1.2,150,0.0,1.0,"Introducing the all-new XYZ Smart Watch, the ultimate companion for your active lifestyle. This sleek and stylish smartwatch is packed with advanced features that will keep you motivated, connected, and on track towards your fitness goals.

Key Features:
1. Fitness Tracking: Stay on top of your fitness routine with built-in heart rate monitoring, step counting, calorie tracking, and sleep analysis features.
2. Multi-Sport Modes: Whether you're running, cycling, swimming or hitting the gym, this smartwatch offers specific tracking modes to optimize your performance.
3. GPS Tracking: Never get lost on your outdoor adventures with accurate GPS tracking that records your routes and distances traveled.
4. Notifications: Stay connected without constantly checking your phone - receive call alerts, messages"
1.2,150,0.5,0.0,"Introducing the Ultimate Cordless Vacuum Cleaner - the all-in-one solution to effortless cleaning and ultimate convenience. This sleek and powerful vacuum is designed to make your cleaning routine faster and more efficient than ever before.

Key Features:
- Cordless Design: Say goodbye to tangled cords and limited reach. The cordless design allows you to move freely around your home without any restrictions.
- Lightweight and Maneuverable: Weighing just under 6 pounds, this vacuum is easy to carry and navigate around furniture and tight spaces.
- Powerful Suction: Equipped with a high-performance motor, this vacuum delivers strong suction power to effortlessly lift dirt, dust, and debris from both carpets and hard floors.
- Versatile Cleaning Modes: Switch between different cleaning"
1.2,150,0.5,0.5,"Introducing the Ultimate Copper Non-Stick Pan - revolutionize your cooking experience with this top-of-the-line cookware essential. Crafted with a durable copper-infused ceramic coating, this pan delivers unparalleled non-stick performance, effortlessly releasing food every time. 

Featuring a scratch-resistant surface, this pan is designed to withstand heavy-duty use without losing its efficiency. The sturdy aluminum construction ensures even heat distribution for perfect cooking results every time. 

Say goodbye to stuck-on food and hours of scrubbing—this pan is exceptionally easy to clean with just a quick wipe down, saving you precious time and effort in the kitchen.

The ergonomically designed handle provides a comfortable grip and stays cool to the touch, offering safety and control while cooking. This"
1.2,150,0.5,1.0,"Introducing the Acme XYZ Wireless Gaming Mouse, the perfect accessory for enhancing your gaming experience. Dominate your opponents with precision and agility like never before with this state-of-the-art gaming mouse. 

Key Features:
1. Ultra-fast Wireless Connectivity: Enjoy seamless and lag-free gameplay with advanced wireless technology.
2. High Precision Sensor: Equipped with a high-resolution sensor for accurate tracking and responsive control.
3. Customizable RGB Lighting: Personalize your setup with vibrant RGB lighting that can be customized to match your style.
4. Ergonomic Design: Designed for long gaming sessions, its ergonomic shape fits perfectly in your hand for maximum comfort.
5. Programmable Buttons: With programmable buttons, you can customize commands and macros to gain an edge"
1.2,150,1.0,0.0,"Introducing the All-in-One Multi-functional Food Processor, a versatile kitchen essential that revolutionizes meal prep with its cutting-edge design and superior functionality. 

Key Features:
1. Blade Diversity: This food processor comes equipped with interchangeable stainless steel blades to slice, shred, chop, and puree various ingredients effortlessly. From vegetables to fruits, meats to nuts, this machine can handle any culinary task with precision.
2. Powerful Motor: Designed with a robust motor, this food processor offers high performance and consistent results for all your food processing needs. No task is too tough for this machine to tackle.
3. Large Capacity: Boasting a spacious work bowl, you can process large quantities of ingredients in one go, saving you time and effort in the kitchen"
1.2,150,1.0,0.5,"Introducing the innovative XYZ Cordless Vacuum Cleaner - your ultimate cleaning partner for a spotless home! 

Key Features:
1. Powerful Suction: With x watts of motor power, this vacuum effortlessly lifts dirt, dust, and debris from carpets, hardwood floors, and more.
2. Lightweight & Portable: Weighing just x pounds, you can easily carry it from room to room and tackle cleaning tasks with ease.
3. Long-Lasting Battery: The XYZ Vacuum Cleaner comes equipped with a rechargeable lithium-ion battery that provides up to x minutes of continuous cleaning time.
4. Versatile Cleaning Attachments: From crevice tools to upholstery brushes, this vacuum includes everything you need to clean every nook and cranny in your home"
1.2,150,1.0,1.0,"Introducing the innovative Smart Home Security Camera System - a must-have for modern homeowners looking to protect their loved ones and property with top-of-the-line surveillance technology.

Key Features:

Crystal Clear Video Quality: Enjoy high-definition live streaming and recording with 1080p resolution, giving you crisp and clear images day or night.
Motion Detection Alerts: Stay alert with instant notifications sent directly to your smartphone whenever unexpected movement is detected around your premises. You can customize sensitivity levels for accurate monitoring.
Two-Way Audio Communication: Communicate in real-time through the built-in microphone and speaker. With this feature, you can listen in to suspicious activity and even speak to visitors remotely from anywhere in the world using the mobile app.
Secure Cloud Storage & Local SD Card Backup"
1.2,300,0.0,0.0,"Introducing the PowerPro Cyclone Vacuum Cleaner - the ultimate cleaning companion for your home! This sleek and powerful vacuum cleaner is designed to make cleaning effortless and more efficient than ever before.

Key Features:

1. Advanced Cyclone Technology: Equipped with powerful cyclonic suction, the PowerPro Cyclone captures dust, dirt, and debris with ease, delivering superb cleaning performance.

2. Multi-Surface Cleaning: From carpets to hardwood floors, the PowerPro Cyclone is versatile and capable of tackling different surfaces around your home, ensuring a thorough clean every time.

3. Lightweight and Maneuverable: With its lightweight design and swivel steering, this vacuum cleaner is easy to maneuver around furniture and tight spaces, making cleaning a breeze.

4. HEPA Filtration System: The PowerPro Cyclone features a HEPA filter that captures 99.97% of dust and allergens, ensuring cleaner air and a healthier home environment.

5. Easy-Empty Dust Cup: Say goodbye to messy vacuum bags - the transparent dust cup is easy to empty with the push of a button, reducing maintenance hassle.

Benefits:

1. Efficient Cleaning: The PowerPro Cyclone's advanced technology ensures efficient and thorough cleaning, saving you time and effort.

2. Improved Indoor Air Quality: The HEPA filtration system traps dust and allergens, promoting a healthier living environment for you and your family.

3. Versatile Performance: With its multi-surface cleaning capability, this vacuum cleaner is suitable for all"
1.2,300,0.0,0.5,"Introducing the sleek and powerful UltraSlim Pro X1 Laptop, designed to elevate your computing experience to new heights. Powered by an Intel Core i7 processor and 16GB of RAM, this laptop is packed with the performance needed to handle your most demanding tasks with ease.

The UltraSlim Pro X1 features a stunning 15.6-inch Full HD display that delivers crystal-clear visuals, perfect for streaming your favorite movies or working on graphic-intensive projects. The slim and lightweight design makes it ideal for on-the-go professionals or students who need a laptop that can keep up with their busy lifestyle.

Equipped with a blazing-fast SSD storage drive, you can enjoy lightning-fast boot-up times and seamless multitasking capabilities. The backlit keyboard allows you to work comfortably in any environment, whether you're burning the midnight oil or catching up on emails during a long flight.

Stay connected on the go with the UltraSlim Pro X1's array of ports, including USB-C, HDMI, and SD card reader. Never worry about running out of battery during crucial tasks – with up to 8 hours of battery life, this laptop will keep you powered up throughout the day.

Experience superior audio quality with built-in stereo speakers for immersive sound while streaming music or watching videos. The integrated webcam and microphone are perfect for staying connected with colleagues and loved ones through video calls.

In summary, the UltraSlim Pro X1 Laptop blends power, performance, and portability into one sleek package. Whether you're working on a"
1.2,300,0.0,1.0,"Introducing the all-new XYZ Smartwatch - your ultimate companion for a connected lifestyle. 

Key Features:
1. Stylish Design: The XYZ Smartwatch boasts a sleek and modern design that will elevate your everyday look, whether you're out for a run or attending a business meeting.
2. Advanced Fitness Tracking: With precise sensors and algorithms, this smartwatch accurately monitors your heart rate, steps taken, distance traveled, calories burned, and even tracks your sleep patterns so you can stay on top of your fitness goals.
3. Notifications at a Glance: Stay informed with real-time notifications for calls, messages, emails, and social media alerts directly on your wrist without having to constantly check your phone.
4. Customizable Watch Faces: Choose from a variety of customizable watch faces to suit your mood or outfit and personalize it according to your style preferences.
5. Long Battery Life: With an efficient battery management system, the XYZ Smartwatch offers an impressive battery life that will keep up with you throughout the day without needing frequent recharges.

Benefits:
- Seamless Connectivity: Easily sync the smartwatch with your smartphone via Bluetooth to access all its features and functions effortlessly.
- Enhanced Productivity: Manage your schedule and tasks more efficiently with the built-in calendar reminders and alarms that help you stay organized throughout the day.
- Health Monitoring Made Easy: Keep track of your health metrics in real-time and make informed decisions about leading a healthier lifestyle through actionable insights provided by the smartwatch.

Experience unparalleled convenience and style"
1.2,300,0.5,0.0,"Introducing the revolutionary Smart Tech Thermostat, the ultimate solution to optimize your home's energy efficiency and comfort levels. This cutting-edge thermostat takes traditional temperature control to the next level with its innovative features and intelligent technologies.

Key Features:
1. User-friendly Interface: The Smart Tech Thermostat boasts a sleek and intuitive interface, making it easy for users to adjust settings and schedules with just a touch.
2. WiFi Connectivity: Connect your thermostat to your home's WiFi network for convenient remote access and control via your smartphone or smart device.
3. Adaptive Learning: Utilizing advanced algorithms, this thermostat learns your heating and cooling preferences over time, automatically adjusting settings to optimize comfort and energy savings.
4. Energy Saving Mode: With built-in energy-saving modes and features, the Smart Tech Thermostat helps reduce energy consumption and lower utility bills without sacrificing comfort.
5. Compatibility: Compatible with a wide range of heating and cooling systems, including central air, heat pumps, and more, making it versatile for various home setups.

Benefits:
1. Improved Comfort: Enjoy customized temperature settings that suit your lifestyle and preferences, ensuring a comfortable living environment year-round.
2. Energy Efficiency: By analyzing usage patterns and smartly adjusting settings, this thermostat helps reduce energy waste, leading to significant savings on heating and cooling costs.
3. Convenience: Manage and monitor your home's temperature from anywhere using the companion app, allowing you to control your HVAC system even when you're away.
4. Eco-Friendly: Lower your carbon"
1.2,300,0.5,0.5,"Introducing the innovative SuperCook XL 12-in-1 Multifunctional Air Fryer Oven, the ultimate all-in-one cooking solution for your kitchen. This state-of-the-art appliance combines the functionalities of 12 different cooking appliances into one sleek and space-saving design, making it a versatile and practical addition to any home.

Key Features:
1. 12 Functions in 1: From air frying and baking to grilling, roasting, dehydrating, and more, this multifunctional air fryer oven can handle all your cooking needs with ease.
2. Large Capacity: With a spacious interior that accommodates up to a 12-inch pizza or multiple racks of food, you can cook meals for the whole family at once.
3. Rapid Air Circulation Technology: The powerful air fryer technology cooks food evenly and locks in flavor, resulting in deliciously crisp and healthy meals every time.
4. Easy-to-Use Digital Control Panel: The intuitive digital control panel allows you to adjust time, temperature, and cooking functions with ease, making meal preparation simple and convenient.
5. Energy-Efficient Cooking: The SuperCook XL air fryer oven uses convection heating for faster cooking times and lower energy consumption compared to traditional ovens.

Benefits:
1. Healthier Cooking Options: With its air frying capabilities, you can enjoy crispy and golden-brown foods without the need for excess oil or fat, making your favorite dishes healthier.
2. Save Time and Effort:"
1.2,300,0.5,1.0,"Introducing the latest innovation in cookware technology - the Smart Chef 5-in-1 Multi-Functional Cooking Pot. This versatile appliance is a game-changer for your kitchen, offering a wide range of cooking functions all in one compact and sleek design.

Key Features:
1. All-in-One Cooking Solution: The Smart Chef Cooking Pot is truly a jack-of-all-trades, combining the functionality of five different kitchen appliances into one convenient unit. Whether you need to sauté, steam, slow cook, pressure cook or make rice – this pot does it all with ease.
  
2. High-Quality Construction: Crafted from durable stainless steel, this cooking pot is built to last and withstand regular use over time. The interior non-stick coating ensures easy food release and hassle-free cleaning.

3. Intelligent Programmable Settings: Equipped with multiple pre-set cooking programs such as soup/stew, rice/risotto, meat/chicken - making it effortless to whip up delicious meals with just the touch of a button.

4.Energy-Efficient Design: With its efficient heat distribution system and sealed lid that locks in moisture and flavors during cooking - the Smart Chef Cooking Pot helps you save both time and energy by reducing cooking times significantly compared to traditional stovetop methods

Benefits:
1.Cutting-edge convenience: Save precious time in meal preparation by using this multi-functional pot for an array of dishes without having to switch between various appliances.
 
2.Healthy Cooking Options: Enjoy healthier"
1.2,300,1.0,0.0,"Introducing the Ultimate Wireless Bluetooth Earbuds - your perfect companion for an immersive audio experience on the go. These earbuds are designed to deliver crystal clear sound quality, enhanced bass, and a comfortable fit that stays securely in place during any activity.

Key Features:

1. Superior Sound Quality: Enjoy rich, detailed sound with deep bass tones and crisp highs for an unparalleled listening experience.

2. True Wireless Technology: Say goodbye to tangled wires with these truly wireless earbuds that offer seamless Bluetooth connectivity for hassle-free pairing with your devices.

3. Comfortable Fit: Designed to comfortably sit in your ears for extended periods without causing any discomfort, perfect for long commutes, workouts, or daily use.

4. Noise Cancellation: Block out external distractions and immerse yourself in your music, thanks to the advanced noise cancellation technology featured in these earbuds.

5. Touch Control: Easily control your music, adjust the volume, answer calls, and activate voice assistants with simple touch gestures for added convenience.

6. Long Battery Life: With up to 8 hours of playtime on a single charge and an additional 24 hours provided by the charging case, you can enjoy your music all day long without worrying about running out of battery.

Benefits:

- Stay connected on the go without the hassle of tangled cords
- Enjoy high-quality sound for music, podcasts, calls, and more
- Experience comfort and convenience with a secure fit and touch controls
- Block out unwanted noise and distractions"
1.2,300,1.0,0.5,"Introducing the TechSavvy Bluetooth Earbuds - where innovation meets convenience in one stylish package. Designed for modern-day multitaskers who demand superior sound quality without compromising comfort, these wireless earbuds are a game-changer in the world of audio devices.

Key Features:
1. Advanced Bluetooth 5.0 Connectivity: Stay connected seamlessly without any interruptions or pairing issues thanks to the latest Bluetooth technology.
   
2. Crystal Clear Sound Quality: Immerse yourself in rich, high-definition sound with deep bass and clear treble notes for an exceptional listening experience.

3. Ergonomic Design: The earbuds are ergonomically designed to fit comfortably in your ears, providing a secure and snug fit that stays put during workouts, travel, or everyday use.

4. Touch Control Function: Easily manage calls, adjust volume, skip tracks, or activate voice assistant functions with simple touch controls on each earbud.

5. Long Battery Life: Enjoy up to 8 hours of playtime on a single charge with an additional 20 hours provided by the compact charging case - never miss a beat when you're on the go.

6. IPX7 Waterproof Rating: Sweat-proof and waterproof design ensures your earbuds remain protected during intense workouts or outdoor activities.

Benefits:
- Enhanced Freedom & Mobility: Cut the cord and enjoy true wireless freedom with these Bluetooth earbuds that offer maximum flexibility while you're on the move.
  
- Immersive Audio Experience: Explore every musical nuance"
1.2,300,1.0,1.0,"Introducing the XYZ Smart Thermostat, a cutting-edge device designed to effortlessly optimize your home's temperature and save you money on energy bills. 

Key Features:
1. **Energy-saving technology**: The XYZ Smart Thermostat uses advanced algorithms to learn your schedule and adjust the temperature accordingly, ensuring maximum efficiency and reducing wasted energy.
2. **Remote control**: Control your thermostat from anywhere using your smartphone or tablet, allowing you to adjust settings even when you are away from home.
3. **Compatibility**: Works with popular smart home platforms like Amazon Alexa and Google Assistant for seamless integration into your existing setup.
4. **Sleek design**: With its modern and minimalist design, the XYZ Smart Thermostat is not only functional but also adds a touch of elegance to any room.
5. **Easy installation**: Simple DIY installation process that can be completed in minutes without the need for professional help.

Benefits:
1. **Saves money**: By optimizing your heating/cooling schedule and minimizing energy waste, the XYZ Smart Thermostat helps lower utility bills without sacrificing comfort.
2. **Convenience**: Adjust settings on-the-go from anywhere, ensuring that your home is always at the perfect temperature when you arrive.
3. **Improved comfort**: Set personalized schedules based on your preferences so that you can enjoy ideal temperatures at all times of day without having to manually adjust the thermostat constantly.
4. **Environmentally friendly**: Reduce carbon footprint by using energy more efficiently and decreasing overall consumption.

Upgrade your home with the"
